Time, Result, Description
"2014.12.10 23:15:50.517" ,"00","ESB Server OK"
"2014.12.10 23:16:00.611" ,"00","ESB Server OK"
"2014.12.10 23:16:10.503" ,"00","ESB Server OK"
"2014.12.10 23:16:20.534" ,"00","ESB Server OK"
"2014.12.10 23:16:30.535" ,"00","ESB Server OK"
"2014.12.10 23:16:40.551" ,"00","ESB Server OK"
"2014.12.10 23:16:50.490" ,"00","ESB Server OK"
"2014.12.10 23:17:00.584" ,"00","ESB Server OK"
"2014.12.10 23:17:10.506" ,"00","ESB Server OK"
"2014.12.10 23:17:23.597" ,"00","ESB Server OK"
"2014.12.10 23:17:30.509" ,"00","ESB Server OK"
"2014.12.10 23:17:40.790" ,"00","ESB Server OK"
"2014.12.10 23:17:59.200" ,"00","ESB Server OK"
"2014.12.10 23:18:08.431" ,"00","ESB Server OK"
"2014.12.10 23:18:11.646" ,"00","ESB Server OK"
"2014.12.10 23:18:20.508" ,"00","ESB Server OK"
"2014.12.10 23:18:31.274" ,"00","ESB Server OK"
"2014.12.10 23:18:40.510" ,"00","ESB Server OK"
"2014.12.10 23:18:50.542" ,"00","ESB Server OK"
"2014.12.10 23:19:00.527" ,"00","ESB Server OK"
"2014.12.10 23:19:10.481" ,"00","ESB Server OK"
"2014.12.10 23:19:20.513" ,"00","ESB Server OK"
"2014.12.10 23:19:30.732" ,"00","ESB Server OK"
"2014.12.10 23:19:40.514" ,"00","ESB Server OK"
"2014.12.10 23:19:50.483" ,"00","ESB Server OK"
"2014.12.10 23:20:00.558" ,"00","ESB Server OK"
"2014.12.10 23:20:10.497" ,"00","ESB Server OK"
"2014.12.10 23:20:20.497" ,"00","ESB Server OK"
"2014.12.10 23:20:30.482" ,"00","ESB Server OK"
"2014.12.10 23:20:49.688" ,"00","ESB Server OK"
"2014.12.10 23:20:50.484" ,"00","ESB Server OK"
"2014.12.10 23:21:00.562" ,"00","ESB Server OK"
"2014.12.10 23:21:10.516" ,"00","ESB Server OK"
"2014.12.10 23:21:30.283" ,"00","ESB Server OK"
"2014.12.10 23:21:42.766" ,"00","ESB Server OK"
"2014.12.10 23:21:50.505" ,"00","ESB Server OK"
"2014.12.10 23:22:00.615" ,"00","ESB Server OK"
"2014.12.10 23:22:10.490" ,"00","ESB Server OK"
"2014.12.10 23:22:20.522" ,"00","ESB Server OK"
"2014.12.10 23:22:30.523" ,"00","ESB Server OK"
"2014.12.10 23:22:40.492" ,"00","ESB Server OK"
"2014.12.10 23:22:50.493" ,"00","ESB Server OK"
"2014.12.10 23:23:00.572" ,"00","ESB Server OK"
"2014.12.10 23:23:10.479" ,"00","ESB Server OK"
"2014.12.10 23:23:20.479" ,"00","ESB Server OK"
"2014.12.10 23:23:30.511" ,"00","ESB Server OK"
"2014.12.10 23:23:40.480" ,"00","ESB Server OK"
"2014.12.10 23:23:50.481" ,"00","ESB Server OK"
"2014.12.10 23:24:00.606" ,"00","ESB Server OK"
"2014.12.10 23:24:10.482" ,"00","ESB Server OK"
"2014.12.10 23:24:21.826" ,"00","ESB Server OK"
"2014.12.10 23:24:30.485" ,"00","ESB Server OK"
"2014.12.10 23:24:40.548" ,"00","ESB Server OK"
"2014.12.10 23:24:58.224" ,"00","ESB Server OK"
"2014.12.10 23:25:09.506" ,"00","ESB Server OK"
"2014.12.10 23:25:12.956" ,"00","ESB Server OK"
"2014.12.10 23:25:20.507" ,"00","ESB Server OK"
"2014.12.10 23:25:30.523" ,"00","ESB Server OK"
"2014.12.10 23:25:40.524" ,"00","ESB Server OK"
"2014.12.10 23:25:50.525" ,"00","ESB Server OK"
"2014.12.10 23:26:00.572" ,"00","ESB Server OK"
"2014.12.10 23:26:10.479" ,"00","ESB Server OK"
"2014.12.10 23:26:20.542" ,"00","ESB Server OK"
"2014.12.10 23:26:30.590" ,"00","ESB Server OK"
"2014.12.10 23:26:40.481" ,"00","ESB Server OK"
"2014.12.10 23:26:50.482" ,"00","ESB Server OK"
"2014.12.10 23:27:00.623" ,"00","ESB Server OK"
"2014.12.10 23:27:10.498" ,"00","ESB Server OK"
"2014.12.10 23:27:20.515" ,"00","ESB Server OK"
"2014.12.10 23:27:30.515" ,"00","ESB Server OK"
"2014.12.10 23:27:40.547" ,"00","ESB Server OK"
"2014.12.10 23:27:50.548" ,"00","ESB Server OK"
"2014.12.10 23:28:00.564" ,"00","ESB Server OK"
"2014.12.10 23:28:10.518" ,"00","ESB Server OK"
"2014.12.10 23:28:30.675" ,"00","ESB Server OK"
"2014.12.10 23:28:40.488" ,"00","ESB Server OK"
"2014.12.10 23:28:50.489" ,"00","ESB Server OK"
"2014.12.10 23:46:00.626" ,"00","ESB Server OK"
"2014.12.10 23:46:10.544" ,"00","ESB Server OK"
"2014.12.10 23:46:28.296" ,"00","ESB Server OK"
"2014.12.10 23:46:30.529" ,"00","ESB Server OK"
"2014.12.10 23:46:40.763" ,"00","ESB Server OK"
"2014.12.10 23:46:50.982" ,"00","ESB Server OK"
"2014.12.10 23:47:00.860" ,"00","ESB Server OK"
