Time,FileName,DocumentID,RESULT,Description
"2014.12.30 10:39:15.789" ,"00","ESB Server OK"
"2014.12.30 10:39:30.579" ,"00","ESB Server OK"
"2014.12.30 10:39:45.552" ,"00","ESB Server OK"
"2014.12.30 10:40:00.562" ,"00","ESB Server OK"
"2014.12.30 10:40:15.580" ,"00","ESB Server OK"
"2014.12.30 10:40:30.548" ,"00","ESB Server OK"
"2014.12.30 10:40:45.542" ,"00","ESB Server OK"
"2014.12.30 10:41:00.614" ,"00","ESB Server OK"
"2014.12.30 10:41:15.545" ,"00","ESB Server OK"
"2014.12.30 10:41:30.553" ,"00","ESB Server OK"
"2014.12.30 10:41:45.546" ,"00","ESB Server OK"
"2014.12.30 10:42:00.545" ,"00","ESB Server OK"
"2014.12.30 10:42:15.585" ,"00","ESB Server OK"
"2014.12.30 10:42:30.549" ,"00","ESB Server OK"
"2014.12.30 10:42:45.544" ,"00","ESB Server OK"
"2014.12.30 10:43:00.537" ,"00","ESB Server OK"
